id,firstName,lastName,email
60d0fe4f5311236168a109ca,Sara,Andersen,NULL
60d0fe4f5311236168a109cb,Edita,Vestering,NULL
60d0fe4f5311236168a109cc,Adina,Barbosa,NULL
60d0fe4f5311236168a109cd,Roberto,Vega,NULL
60d0fe4f5311236168a109ce,Rudi,Droste,NULL
60d0fe4f5311236168a109cf,Carolina,Lima,NULL
60d0fe4f5311236168a109d0,Emre,Asikoglu,NULL
60d0fe4f5311236168a109d1,Kent,Brewer,NULL
60d0fe4f5311236168a109d2,Evan,Carlson,NULL
60d0fe4f5311236168a109d3,Friedrich-Karl,Brand,NULL
60d0fe4f5311236168a109d4,Valentin,Ortega,NULL
60d0fe4f5311236168a109d5,Sibylle,Leibold,NULL
60d0fe4f5311236168a109d6,Elisa,Lorenzo,NULL
60d0fe4f5311236168a109d7,Leevi,Savela,NULL
60d0fe4f5311236168a109d8,Karoline,Sviggum,NULL
60d0fe4f5311236168a109d9,Nuria,Leon,NULL
60d0fe4f5311236168a109da,Lance,Foster,NULL
60d0fe4f5311236168a109db,Naomi,Rodrigues,NULL
60d0fe4f5311236168a109dc,Evan,Roux,NULL
60d0fe4f5311236168a109dd,Miguel,Lima,NULL
