id,title,price
1,"A Light in the Attic",£51.77
2,"Tipping the Velvet",£53.74
3,Soumission,£50.10
4,"Sharp Objects",£47.82
5,"Sapiens: A Brief History of Humankind",£54.23
6,"The Requiem Red",£22.65
7,"The Dirty Little Secrets of Getting Your Dream Job",£33.34
8,"The Coming Woman: A Novel Based on the Life of the Infamous Feminist, Victoria Woodhull",£17.93
9,"The Boys in the Boat: Nine Americans and Their Epic Quest for Gold at the 1936 Berlin Olympics",£22.60
10,"The Black Maria",£52.15
11,"Starving Hearts (Triangular Trade Trilogy, #1)",£13.99
12,"Shakespeare's Sonnets",£20.66
13,"Set Me Free",£17.46
14,"Scott Pilgrim's Precious Little Life (Scott Pilgrim #1)",£52.29
15,"Rip it Up and Start Again",£35.02
16,"Our Band Could Be Your Life: Scenes from the American Indie Underground, 1981-1991",£57.25
17,Olio,£23.88
18,"Mesaerion: The Best Science Fiction Stories 1800-1849",£37.59
19,"Libertarianism for Beginners",£51.33
20,"It's Only the Himalayas",£45.17
21,"In Her Wake",£12.84
22,"How Music Works",£37.32
23,"Foolproof Preserving: A Guide to Small Batch Jams, Jellies, Pickles, Condiments, and More: A Foolproof Guide to Making Small Batch Jams, Jellies, Pickles, Condiments, and More",£30.52
24,"Chase Me (Paris Nights #2)",£25.27
25,"Black Dust",£34.53
26,"Birdsong: A Story in Pictures",£54.64
27,"America's Cradle of Quarterbacks: Western Pennsylvania's Football Factory from Johnny Unitas to Joe Montana",£22.50
28,"Aladdin and His Wonderful Lamp",£53.13
29,"Worlds Elsewhere: Journeys Around Shakespeare’s Globe",£40.30
30,"Wall and Piece",£44.18
31,"The Four Agreements: A Practical Guide to Personal Freedom",£17.66
32,"The Five Love Languages: How to Express Heartfelt Commitment to Your Mate",£31.05
33,"The Elephant Tree",£23.82
34,"The Bear and the Piano",£36.89
35,"Sophie's World",£15.94
36,"Penny Maybe",£33.29
37,"Maude (1883-1993):She Grew Up with the country",£18.02
38,"In a Dark, Dark Wood",£19.63
39,"Behind Closed Doors",£52.22
40,"You can't bury them all: Poems",£33.63
41,"Slow States of Collapse: Poems",£57.31
42,"Reasons to Stay Alive",£26.41
43,"Private Paris (Private #10)",£47.61
44,"#HigherSelfie: Wake Up Your Life. Free Your Soul. Find Your Tribe.",£23.11
45,"Without Borders (Wanderlove #1)",£45.07
46,"When We Collided",£31.77
47,"We Love You, Charlie Freeman",£50.27
48,"Untitled Collection: Sabbath Poems 2014",£14.27
49,"Unseen City: The Majesty of Pigeons, the Discreet Charm of Snails & Other Wonders of the Urban Wilderness",£44.18
50,"Unicorn Tracks",£18.78
51,"Unbound: How Eight Technologies Made Us Human, Transformed Society, and Brought Our World to the Brink",£25.52
52,"Tsubasa: WoRLD CHRoNiCLE 2 (Tsubasa WoRLD CHRoNiCLE #2)",£16.28
53,"Throwing Rocks at the Google Bus: How Growth Became the Enemy of Prosperity",£31.12
54,"This One Summer",£19.49
55,Thirst,£17.27
56,"The Torch Is Passed: A Harding Family Story",£19.09
57,"The Secret of Dreadwillow Carse",£56.13
58,"The Pioneer Woman Cooks: Dinnertime: Comfort Classics, Freezer Food, 16-Minute Meals, and Other Delicious Ways to Solve Supper!",£56.41
59,"The Past Never Ends",£56.50
60,"The Natural History of Us (The Fine Art of Pretending #2)",£45.22
61,"The Nameless City (The Nameless City #1)",£38.16
62,"The Murder That Never Was (Forensic Instincts #5)",£54.11
63,"The Most Perfect Thing: Inside (and Outside) a Bird's Egg",£42.96
64,"The Mindfulness and Acceptance Workbook for Anxiety: A Guide to Breaking Free from Anxiety, Phobias, and Worry Using Acceptance and Commitment Therapy",£23.89
65,"The Life-Changing Magic of Tidying Up: The Japanese Art of Decluttering and Organizing",£16.77
66,"The Inefficiency Assassin: Time Management Tactics for Working Smarter, Not Longer",£20.59
67,"The Gutsy Girl: Escapades for Your Life of Epic Adventure",£37.13
68,"The Electric Pencil: Drawings from Inside State Hospital No. 3",£56.06
69,"The Death of Humanity: and the Case for Life",£58.11
70,"The Bulletproof Diet: Lose up to a Pound a Day, Reclaim Energy and Focus, Upgrade Your Life",£49.05
71,"The Art Forger",£40.76
72,"The Age of Genius: The Seventeenth Century and the Birth of the Modern Mind",£19.73
73,"The Activist's Tao Te Ching: Ancient Advice for a Modern Revolution",£32.24
74,"Spark Joy: An Illustrated Master Class on the Art of Organizing and Tidying Up",£41.83
75,"Soul Reader",£39.58
76,Security,£39.25
77,"Saga, Volume 6 (Saga (Collected Editions) #6)",£25.02
78,"Saga, Volume 5 (Saga (Collected Editions) #5)",£51.04
79,"Reskilling America: Learning to Labor in the Twenty-First Century",£19.83
80,"Rat Queens, Vol. 3: Demons (Rat Queens (Collected Editions) #11-15)",£50.40
81,"Princess Jellyfish 2-in-1 Omnibus, Vol. 01 (Princess Jellyfish 2-in-1 Omnibus #1)",£13.61
82,"Princess Between Worlds (Wide-Awake Princess #5)",£13.34
83,"Pop Gun War, Volume 1: Gift",£18.97
84,"Political Suicide: Missteps, Peccadilloes, Bad Calls, Backroom Hijinx, Sordid Pasts, Rotten Breaks, and Just Plain Dumb Mistakes in the Annals of American Politics",£36.28
85,Patience,£10.16
86,"Outcast, Vol. 1: A Darkness Surrounds Him (Outcast #1)",£15.44
87,"orange: The Complete Collection 1 (orange: The Complete Collection #1)",£48.41
88,"Online Marketing for Busy Authors: A Step-By-Step Guide",£46.35
89,"On a Midnight Clear",£14.07
90,"Obsidian (Lux #1)",£14.86
91,"My Paris Kitchen: Recipes and Stories",£33.37
92,"Masks and Shadows",£56.40
93,"Mama Tried: Traditional Italian Cooking for the Screwed, Crude, Vegan, and Tattooed",£14.02
94,"Lumberjanes, Vol. 2: Friendship to the Max (Lumberjanes #5-8)",£46.91
95,"Lumberjanes, Vol. 1: Beware the Kitten Holy (Lumberjanes #1-4)",£45.61
96,"Lumberjanes Vol. 3: A Terrible Plan (Lumberjanes #9-12)",£19.92
97,"Layered: Baking, Building, and Styling Spectacular Cakes",£40.11
98,"Judo: Seven Steps to Black Belt (an Introductory Guide for Beginners)",£53.90
99,Join,£35.67
100,"In the Country We Love: My Family Divided",£22.00
101,"Immunity: How Elie Metchnikoff Changed the Course of Modern Medicine",£57.36
102,"I Hate Fairyland, Vol. 1: Madly Ever After (I Hate Fairyland (Compilations) #1-5)",£29.17
103,"I am a Hero Omnibus Volume 1",£54.63
104,"How to Be Miserable: 40 Strategies You Already Use",£46.03
105,"Her Backup Boyfriend (The Sorensen Family #1)",£33.97
106,"Giant Days, Vol. 2 (Giant Days #5-8)",£22.11
107,"Forever and Forever: The Courtship of Henry Longfellow and Fanny Appleton",£29.69
108,"First and First (Five Boroughs #3)",£15.97
109,"Fifty Shades Darker (Fifty Shades #2)",£21.96
110,"Everydata: The Misinformation Hidden in the Little Data You Consume Every Day",£54.35
111,"Don't Be a Jerk: And Other Practical Advice from Dogen, Japan's Greatest Zen Master",£37.97
112,"Danganronpa Volume 1",£51.99
113,"Crown of Midnight (Throne of Glass #2)",£43.29
114,"Codename Baboushka, Volume 1: The Conclave of Death",£36.72
115,"Camp Midnight",£17.08
116,"Call the Nurse: True Stories of a Country Nurse on a Scottish Isle",£29.14
117,Burning,£28.81
118,Bossypants,£49.46
119,"Bitch Planet, Vol. 1: Extraordinary Machine (Bitch Planet (Collected Editions))",£37.92
120,"Avatar: The Last Airbender: Smoke and Shadow, Part 3 (Smoke and Shadow #3)",£28.09
121,"Algorithms to Live By: The Computer Science of Human Decisions",£30.81
122,"A World of Flavor: Your Gluten Free Passport",£42.95
123,"A Piece of Sky, a Grain of Rice: A Memoir in Four Meditations",£56.76
124,"A Murder in Time",£16.64
125,"A Flight of Arrows (The Pathfinders #2)",£55.53
126,"A Fierce and Subtle Poison",£28.13
127,"A Court of Thorns and Roses (A Court of Thorns and Roses #1)",£52.37
128,"(Un)Qualified: How God Uses Broken People to Do Big Things",£54.00
129,"You Are What You Love: The Spiritual Power of Habit",£21.87
130,"William Shakespeare's Star Wars: Verily, A New Hope (William Shakespeare's Star Wars #4)",£43.30
131,"Tuesday Nights in 1980",£21.04
132,"Tracing Numbers on a Train",£41.60
133,"Throne of Glass (Throne of Glass #1)",£35.07
134,"Thomas Jefferson and the Tripoli Pirates: The Forgotten War That Changed American History",£59.64
135,"Thirteen Reasons Why",£52.72
136,"The White Cat and the Monk: A Retelling of the Poem “Pangur Bán”",£58.08
137,"The Wedding Dress",£24.12
138,"The Vacationers",£42.15
139,"The Third Wave: An Entrepreneur’s Vision of the Future",£12.61
140,"The Stranger",£17.44
141,"The Shadow Hero (The Shadow Hero)",£33.14
142,"The Secret (The Secret #1)",£27.37
143,"The Regional Office Is Under Attack!",£51.36
144,"The Psychopath Test: A Journey Through the Madness Industry",£36.00
145,"The Project",£10.65
146,"The Power of Now: A Guide to Spiritual Enlightenment",£43.54
147,"The Omnivore's Dilemma: A Natural History of Four Meals",£38.21
148,"The Nerdy Nummies Cookbook: Sweet Treats for the Geek in All of Us",£37.34
149,"The Murder of Roger Ackroyd (Hercule Poirot #4)",£44.10
150,"The Mistake (Off-Campus #2)",£43.29
151,"The Matchmaker's Playbook (Wingmen Inc. #1)",£55.85
152,"The Love and Lemons Cookbook: An Apple-to-Zucchini Celebration of Impromptu Cooking",£37.60
153,"The Long Shadow of Small Ghosts: Murder and Memory in an American City",£10.97
154,"The Kite Runner",£41.82
155,"The House by the Lake",£36.95
156,"The Glittering Court (The Glittering Court #1)",£44.28
157,"The Girl on the Train",£55.02
158,"The Genius of Birds",£17.24
159,"The Emerald Mystery",£23.15
160,"The Cookies & Cups Cookbook: 125+ sweet & savory recipes reminding you to Always Eat Dessert First",£41.25
161,"The Bridge to Consciousness: I'm Writing the Bridge Between Science and Our Old and New Beliefs.",£32.00
162,"The Artist's Way: A Spiritual Path to Higher Creativity",£38.49
163,"The Art of War",£33.34
164,"The Argonauts",£10.93
165,"The 10% Entrepreneur: Live Your Startup Dream Without Quitting Your Day Job",£27.55
166,"Suddenly in Love (Lake Haven #1)",£55.99
167,"Something More Than This",£16.24
168,"Soft Apocalypse",£26.12
169,"So You've Been Publicly Shamed",£12.23
170,"Shoe Dog: A Memoir by the Creator of NIKE",£23.99
171,"Shobu Samurai, Project Aryoku (#3)",£29.06
172,"Secrets and Lace (Fatal Hearts #1)",£20.27
173,"Scarlett Epstein Hates It Here",£43.55
174,"Romero and Juliet: A Tragic Tale of Love and Zombies",£36.94
175,"Redeeming Love",£20.47
176,"Poses for Artists Volume 1 - Dynamic and Sitting Poses: An Essential Reference for Figure Drawing and the Human Form",£41.06
177,"Poems That Make Grown Women Cry",£14.19
178,"Nightingale, Sing",£38.28
179,"Night Sky with Exit Wounds",£41.05
180,"Mrs. Houdini",£30.25
181,"Modern Romance",£28.26
182,"Miss Peregrine’s Home for Peculiar Children (Miss Peregrine’s Peculiar Children #1)",£10.76
183,"Louisa: The Extraordinary Life of Mrs. Adams",£16.85
184,"Little Red",£13.47
185,"Library of Souls (Miss Peregrine’s Peculiar Children #3)",£48.56
186,"Large Print Heart of the Pride",£19.15
187,"I Had a Nice Time And Other Lies...: How to find love & sh*t like that",£57.36
188,"Hollow City (Miss Peregrine’s Peculiar Children #2)",£42.98
189,Grumbles,£22.16
190,"Full Moon over Noah’s Ark: An Odyssey to Mount Ararat and Beyond",£49.43
191,"Frostbite (Vampire Academy #2)",£29.99
192,"Follow You Home",£21.36
193,"First Steps for New Christians (Print Edition)",£29.00
194,"Finders Keepers (Bill Hodges Trilogy #2)",£53.53
195,"Fables, Vol. 1: Legends in Exile (Fables #1)",£41.62
196,"Eureka Trivia 6.0",£54.59
197,"Drive: The Surprising Truth About What Motivates Us",£34.95
198,"Done Rubbed Out (Reightman & Bailey #1)",£37.72
199,"Doing It Over (Most Likely To #1)",£35.61
200,"Deliciously Ella Every Day: Quick and Easy Recipes for Gluten-Free Snacks, Packed Lunches, and Simple Meals",£42.16
201,"Dark Notes",£19.19
202,"Daring Greatly: How the Courage to Be Vulnerable Transforms the Way We Live, Love, Parent, and Lead",£19.43
203,"Close to You",£49.46
204,"Chasing Heaven: What Dying Taught Me About Living",£37.80
205,"Big Magic: Creative Living Beyond Fear",£30.80
206,"Becoming Wise: An Inquiry into the Mystery and Art of Living",£27.43
207,"Beauty Restored (Riley Family Legacy Novellas #3)",£11.11
208,"Batman: The Long Halloween (Batman)",£36.50
209,"Batman: The Dark Knight Returns (Batman)",£15.38
210,"Ayumi's Violin",£15.48
211,Anonymous,£46.82
212,"Amy Meets the Saints and Sages",£18.46
213,"Amid the Chaos",£36.58
214,Amatus,£50.54
215,"Agnostic: A Spirited Manifesto",£12.51
216,"Zealot: The Life and Times of Jesus of Nazareth",£24.70
217,"You (You #1)",£43.61
218,"Wonder Woman: Earth One, Volume One (Wonder Woman: Earth One #1)",£37.34
219,"Wild Swans",£14.36
220,"Why the Right Went Wrong: Conservatism--From Goldwater to the Tea Party and Beyond",£52.65
221,"Whole Lotta Creativity Going On: 60 Fun and Unusual Exercises to Awaken and Strengthen Your Creativity",£38.20
222,"What's It Like in Space?: Stories from Astronauts Who've Been There",£19.60
223,"We Are Robin, Vol. 1: The Vigilante Business (We Are Robin #1)",£53.90
224,"Walt Disney's Alice in Wonderland",£12.96
225,"V for Vendetta (V for Vendetta Complete)",£37.10
226,"Until Friday Night (The Field Party #1)",£46.31
227,"Unbroken: A World War II Story of Survival, Resilience, and Redemption",£45.95
228,"Twenty Yawns",£22.08
229,"Through the Woods",£25.38
230,"This Is Where It Ends",£27.12
231,"The Year of Magical Thinking",£43.04
232,"The Wright Brothers",£56.80
233,"The White Queen (The Cousins' War #1)",£25.91
234,"The Wedding Pact (The O'Malleys #2)",£32.61
235,"The Time Keeper",£27.88
236,"The Testament of Mary",£52.67
237,"The Star-Touched Queen",£46.02
238,"The Songs of the Gods",£44.48
239,"The Song of Achilles",£37.40
240,"The Rosie Project (Don Tillman #1)",£54.04
241,"The Power of Habit: Why We Do What We Do in Life and Business",£16.88
242,"The Marriage of Opposites",£28.08
243,"The Lucifer Effect: Understanding How Good People Turn Evil",£10.40
244,"The Long Haul (Diary of a Wimpy Kid #9)",£44.07
245,"The Loney",£23.40
246,"The Literature Book (Big Ideas Simply Explained)",£17.43
247,"The Last Mile (Amos Decker #2)",£54.21
248,"The Immortal Life of Henrietta Lacks",£40.67
249,"The Hidden Oracle (The Trials of Apollo #1)",£52.26
250,"The Help Yourself Cookbook for Kids: 60 Easy Plant-Based Recipes Kids Can Make to Stay Healthy and Save the Earth",£28.77
251,"The Guilty (Will Robie #4)",£13.82
252,"The First Hostage (J.B. Collins #2)",£25.85
253,"The Dovekeepers",£48.78
254,"The Darkest Lie",£35.35
255,"The Bane Chronicles (The Bane Chronicles #1-11)",£44.73
256,"The Bad-Ass Librarians of Timbuktu: And Their Race to Save the World’s Most Precious Manuscripts",£15.77
257,"The 14th Colony (Cotton Malone #11)",£39.24
258,"That Darkness (Gardiner and Renner #1)",£13.92
259,"Tastes Like Fear (DI Marnie Rome #3)",£10.69
260,"Take Me with You",£45.21
261,"Swell: A Year of Waves",£45.58
262,"Superman Vol. 1: Before Truth (Superman by Gene Luen Yang #1)",£11.89
263,"Still Life with Bread Crumbs",£26.41
264,"Steve Jobs",£39.50
265,"Sorting the Beef from the Bull: The Science of Food Fraud Forensics",£44.74
266,"Someone Like You (The Harrisons #2)",£52.79
267,"So Cute It Hurts!!, Vol. 6 (So Cute It Hurts!! #6)",£35.43
268,Shtum,£55.84
269,"See America: A Celebration of Our National Parks & Treasured Sites",£48.87
270,salt.,£46.78
271,"Robin War",£47.82
272,"Red Hood/Arsenal, Vol. 1: Open for Business (Red Hood/Arsenal #1)",£25.48
273,"Rain Fish",£23.57
274,"Quarter Life Poetry: Poems for the Young, Broke and Hangry",£50.89
275,"Pet Sematary",£10.56
276,"Overload: How to Unplug, Unwind, and Unleash Yourself from the Pressure of Stress",£52.15
277,"Once Was a Time",£18.28
278,"Old School (Diary of a Wimpy Kid #10)",£11.83
279,"No Dream Is Too High: Life Lessons From a Man Who Walked on the Moon",£21.95
280,"Naruto (3-in-1 Edition), Vol. 14: Includes Vols. 40, 41 & 42 (Naruto: Omnibus #14)",£38.39
281,"My Name Is Lucy Barton",£41.56
282,"My Mrs. Brown",£24.48
283,"My Kind of Crazy",£40.36
284,"Mr. Mercedes (Bill Hodges Trilogy #1)",£28.90
285,"More Than Music (Chasing the Dream #1)",£37.61
286,"Made to Stick: Why Some Ideas Survive and Others Die",£38.85
287,"Luis Paints the World",£53.95
288,"Luckiest Girl Alive",£49.83
289,"Lowriders to the Center of the Earth (Lowriders in Space #2)",£51.51
290,"Love Is a Mix Tape (Music #1)",£18.03
291,"Looking for Lovely: Collecting the Moments that Matter",£29.14
292,"Living Leadership by Insight: A Good Leader Achieves, a Great Leader Builds Monuments",£46.91
293,"Let It Out: A Journey Through Journaling",£26.79
294,"Lady Midnight (The Dark Artifices #1)",£16.28
295,"It's All Easy: Healthy, Delicious Weeknight Meals in under 30 Minutes",£19.55
296,"Island of Dragons (Unwanteds #7)",£29.65
297,"I Know What I'm Doing -- and Other Lies I Tell Myself: Dispatches from a Life Under Construction",£25.98
298,"I Am Pilgrim (Pilgrim #1)",£10.60
299,"Hyperbole and a Half: Unfortunate Situations, Flawed Coping Mechanisms, Mayhem, and Other Things That Happened",£14.75
300,"Hush, Hush (Hush, Hush #1)",£47.02
301,"Hold Your Breath (Search and Rescue #1)",£28.82
302,"Hamilton: The Revolution",£58.79
303,"Greek Mythic History",£10.23
304,"God: The Most Unpleasant Character in All Fiction",£30.03
305,"Glory over Everything: Beyond The Kitchen House",£45.84
306,"Feathers: Displays of Brilliant Plumage",£49.05
307,"Far & Away: Places on the Brink of Change: Seven Continents, Twenty-Five Years",£15.06
308,"Every Last Word",£46.47
309,"Eligible (The Austen Project #4)",£27.09
310,"El Deafo",£57.62
311,"Eight Hundred Grapes",£14.39
312,"Eaternity: More than 150 Deliciously Easy Vegan Recipes for a Long, Healthy, Satisfied, Joyful Life",£51.75
313,"Eat Fat, Get Thin",£54.07
314,"Don't Get Caught",£55.35
315,"Doctor Sleep (The Shining #2)",£40.12
316,"Demigods & Magicians: Percy and Annabeth Meet the Kanes (Percy Jackson & Kane Chronicles Crossover #1-3)",£37.51
317,"Dear Mr. Knightley",£11.21
318,"Daily Fantasy Sports",£36.58
319,"Crazy Love: Overwhelmed by a Relentless God",£47.72
320,"Cometh the Hour (The Clifton Chronicles #6)",£25.01
321,"Code Name Verity (Code Name Verity #1)",£22.13
322,"Clockwork Angel (The Infernal Devices #1)",£44.14
323,"City of Glass (The Mortal Instruments #3)",£56.02
324,"City of Fallen Angels (The Mortal Instruments #4)",£11.23
325,"City of Bones (The Mortal Instruments #1)",£43.28
326,"City of Ashes (The Mortal Instruments #2)",£47.27
327,Cell,£20.29
328,"Catching Jordan (Hundred Oaks)",£50.83
329,"Carry On, Warrior: Thoughts on Life Unarmed",£31.85
330,Carrie,£46.23
331,"Buying In: The Secret Dialogue Between What We Buy and Who We Are",£37.80
332,"Brain on Fire: My Month of Madness",£49.32
333,"Batman: Europa",£32.01
334,"Barefoot Contessa Back to Basics",£28.01
335,"Barefoot Contessa at Home: Everyday Recipes You'll Make Over and Over Again",£50.62
336,"Balloon Animals",£17.03
337,"Art Ops Vol. 1",£48.80
338,"Aristotle and Dante Discover the Secrets of the Universe (Aristotle and Dante Discover the Secrets of the Universe #1)",£58.14
339,"Angels Walking (Angels Walking #1)",£34.20
340,"Angels & Demons (Robert Langdon #1)",£51.48
341,"All the Light We Cannot See",£29.87
342,"Adulthood Is a Myth: A "Sarah's Scribbles" Collection",£10.90
343,"Abstract City",£56.37
344,"A Time of Torment (Charlie Parker #14)",£48.35
345,"A Study in Scarlet (Sherlock Holmes #1)",£16.73
346,"A Series of Catastrophes and Miracles: A True Story of Love, Science, and Cancer",£56.48
347,"A People's History of the United States",£40.79
348,"A Man Called Ove",£39.72
349,"A Distant Mirror: The Calamitous 14th Century",£14.58
350,"A Brush of Wings (Angels Walking #3)",£55.51
351,"1491: New Revelations of the Americas Before Columbus",£21.80
352,"The Three Searches, Meaning, and the Story",£13.33
353,"Searching for Meaning in Gailana",£38.73
354,Rook,£37.86
355,"My Kitchen Year: 136 Recipes That Saved My Life",£11.53
356,"13 Hours: The Inside Account of What Really Happened In Benghazi",£27.06
357,"Will You Won't You Want Me?",£13.86
358,"Tipping Point for Planet Earth: How Close Are We to the Edge?",£37.55
359,"The Star-Touched Queen",£32.30
360,"The Silent Sister (Riley MacPherson #1)",£46.29
361,"The Midnight Watch: A Novel of the Titanic and the Californian",£26.20
362,"The Lonely City: Adventures in the Art of Being Alone",£33.26
363,"The Gray Rhino: How to Recognize and Act on the Obvious Dangers We Ignore",£59.15
364,"The Golden Condom: And Other Essays on Love Lost and Found",£39.43
365,"The Epidemic (The Program 0.6)",£14.44
366,"The Dinner Party",£56.54
367,"The Diary of a Young Girl",£59.90
368,"The Children",£11.88
369,"Stars Above (The Lunar Chronicles #4.5)",£48.05
370,"Snatched: How A Drug Queen Went Undercover for the DEA and Was Kidnapped By Colombian Guerillas",£21.21
371,"Raspberry Pi Electronics Projects for the Evil Genius",£49.67
372,"Quench Your Own Thirst: Business Lessons Learned Over a Beer or Two",£43.14
373,"Psycho: Sanitarium (Psycho #1.5)",£36.97
374,"Poisonous (Max Revere Novels #3)",£26.80
375,"One with You (Crossfire #5)",£15.71
376,"No Love Allowed (Dodge Cove #1)",£54.65
377,"Murder at the 42nd Street Library (Raymond Ambler #1)",£54.36
378,"Most Wanted",£35.28
379,"Love, Lies and Spies",£20.55
380,"How to Speak Golf: An Illustrated Guide to Links Lingo",£58.32
381,"Hide Away (Eve Duncan #20)",£11.84
382,"Furiously Happy: A Funny Book About Horrible Things",£41.46
383,"Everyday Italian: 125 Simple and Delicious Recipes",£20.10
384,"Equal Is Unfair: America's Misguided Fight Against Income Inequality",£56.86
385,"Eleanor & Park",£56.51
386,"Dirty (Dive Bar #1)",£40.83
387,"Can You Keep a Secret? (Fear Street Relaunch #4)",£48.64
388,"Boar Island (Anna Pigeon #19)",£59.48
389,"A Paris Apartment",£39.01
390,"A la Mode: 120 Recipes in 60 Pairings: Pies, Tarts, Cakes, Crisps, and More Topped with Ice Cream, Gelato, Frozen Custard, and More",£38.77
391,"Troublemaker: Surviving Hollywood and Scientology",£48.39
392,"The Widow",£27.26
393,"The Sleep Revolution: Transforming Your Life, One Night at a Time",£11.68
394,"The Improbability of Love",£59.45
395,"The Art of Startup Fundraising",£21.00
396,"Take Me Home Tonight (Rock Star Romance #3)",£53.98
397,"Sleeping Giants (Themis Files #1)",£48.74
398,"Setting the World on Fire: The Brief, Astonishing Life of St. Catherine of Siena",£21.15
399,"Playing with Fire",£13.71
400,"Off the Hook (Fishing for Trouble #1)",£47.67
401,"Mothering Sunday",£13.34
402,"Mother, Can You Not?",£16.89
403,"M Train",£27.18
404,"Lilac Girls",£17.28
405,"Lies and Other Acts of Love",£45.14
406,"Lab Girl",£40.85
407,"Keep Me Posted",£20.46
408,"It Didn't Start with You: How Inherited Family Trauma Shapes Who We Are and How to End the Cycle",£56.27
409,"Grey (Fifty Shades #4)",£48.49
410,"Exit, Pursued by a Bear",£51.34
411,Daredevils,£16.34
412,"Cravings: Recipes for What You Want to Eat",£20.50
413,"Born for This: How to Find the Work You Were Meant to Do",£21.59
414,Arena,£21.36
415,Adultery,£20.88
416,"A Mother's Reckoning: Living in the Aftermath of Tragedy",£19.53
417,"A Gentleman's Position (Society of Gentlemen #3)",£14.75
418,11/22/63,£48.48
419,"10% Happier: How I Tamed the Voice in My Head, Reduced Stress Without Losing My Edge, and Found Self-Help That Actually Works",£24.57
420,"10-Day Green Smoothie Cleanse: Lose Up to 15 Pounds in 10 Days!",£49.71
421,"Without Shame",£48.27
422,Watchmen,£58.05
423,"Unlimited Intuition Now",£58.87
424,"Underlying Notes",£11.82
425,"The Shack",£28.03
426,"The New Brand You: Your New Image Makes the Sale for You",£44.05
427,"The Moosewood Cookbook: Recipes from Moosewood Restaurant, Ithaca, New York",£12.34
428,"The Flowers Lied",£16.68
429,"The Fabric of the Cosmos: Space, Time, and the Texture of Reality",£55.91
430,"The Book of Mormon",£24.57
431,"The Art and Science of Low Carbohydrate Living",£52.98
432,"The Alien Club",£54.40
433,"Suzie Snowflake: One beautiful flake (a self-esteem story)",£54.81
434,Nap-a-Roo,£25.08
435,"NaNo What Now? Finding your editing process, revising your NaNoWriMo book and building a writing career through publishing and beyond",£10.41
436,"Modern Day Fables",£47.44
437,"If I Gave You God's Phone Number....: Searching for Spirituality in America",£20.91
438,"Fruits Basket, Vol. 9 (Fruits Basket #9)",£33.95
439,"Dress Your Family in Corduroy and Denim",£43.68
440,"Don't Forget Steven",£33.23
441,"Chernobyl 01:23:40: The Incredible True Story of the World's Worst Nuclear Disaster",£35.92
442,"Art and Fear: Observations on the Perils (and Rewards) of Artmaking",£48.63
443,"A Shard of Ice (The Black Symphony Saga #1)",£56.63
444,"A Hero's Curse (The Unseen Chronicles #1)",£50.49
445,"23 Degrees South: A Tropical Tale of Changing Whether...",£35.79
446,"Zero to One: Notes on Startups, or How to Build the Future",£34.06
447,"Why Not Me?",£17.76
448,"When Breath Becomes Air",£39.36
449,"Vagabonding: An Uncommon Guide to the Art of Long-Term World Travel",£36.94
450,"The Unlikely Pilgrimage of Harold Fry (Harold Fry #1)",£43.62
451,"The New Drawing on the Right Side of the Brain",£43.02
452,"The Midnight Assassin: Panic, Scandal, and the Hunt for America's First Serial Killer",£28.45
453,"The Martian (The Martian #1)",£41.39
454,"The High Mountains of Portugal",£51.15
455,"The Grownup",£35.88
456,"The E-Myth Revisited: Why Most Small Businesses Don't Work and What to Do About It",£36.91
457,"South of Sunshine",£28.93
458,"Smarter Faster Better: The Secrets of Being Productive in Life and Business",£38.89
459,"Silence in the Dark (Logan Point #4)",£58.33
460,"Shadows of the Past (Logan Point #1)",£39.67
461,"Roller Girl",£14.10
462,"Rising Strong",£21.82
463,"Proofs of God: Classical Arguments from Tertullian to Barth",£54.21
464,"Please Kill Me: The Uncensored Oral History of Punk",£31.19
465,"Out of Print: City Lights Spotlight No. 14",£53.64
466,"My Life Next Door (My Life Next Door )",£36.39
467,"Miller's Valley",£58.54
468,"Man's Search for Meaning",£29.48
469,"Love That Boy: What Two Presidents, Eight Road Trips, and My Son Taught Me About a Parent's Expectations",£25.06
470,"Living Forward: A Proven Plan to Stop Drifting and Get the Life You Want",£12.55
471,"Les Fleurs du Mal",£29.04
472,"Left Behind (Left Behind #1)",£40.72
473,"Kill 'Em and Leave: Searching for James Brown and the American Soul",£45.05
474,"Kierkegaard: A Christian Missionary to Christians",£47.13
475,"John Vassos: Industrial Design for Modern Life",£20.22
476,"I'll Give You the Sun",£56.48
477,"I Will Find You",£44.21
478,"Hystopia: A Novel",£21.96
479,"Howl and Other Poems",£40.45
480,"History of Beauty",£10.29
481,"Heaven is for Real: A Little Boy's Astounding Story of His Trip to Heaven and Back",£52.86
482,"Future Shock (Future Shock #1)",£55.65
483,"Ender's Game (The Ender Quintet #1)",£43.64
484,"Diary of a Citizen Scientist: Chasing Tiger Beetles and Other New Ways of Engaging the World",£28.41
485,"Death by Leisure: A Cautionary Tale",£37.51
486,"Brilliant Beacons: A History of the American Lighthouse",£11.45
487,"Brazen: The Courage to Find the You That's Been Hiding",£19.22
488,"Between the World and Me",£56.91
489,"Being Mortal: Medicine and What Matters in the End",£55.06
490,"A Murder Over a Girl: Justice, Gender, Junior High",£13.20
491,"32 Yolks",£53.63
492,""Most Blessed of the Patriarchs": Thomas Jefferson and the Empire of the Imagination",£44.48
493,"You Are a Badass: How to Stop Doubting Your Greatness and Start Living an Awesome Life",£12.08
494,"Wildlife of New York: A Five-Borough Coloring Book",£22.14
495,"What Happened on Beale Street (Secrets of the South Mysteries #2)",£25.37
496,"Unreasonable Hope: Finding Faith in the God Who Brings Purpose to Your Pain",£46.33
497,"Under the Tuscan Sun",£37.33
498,"Toddlers Are A**holes: It's Not Your Fault",£25.55
499,"The Year of Living Biblically: One Man's Humble Quest to Follow the Bible as Literally as Possible",£34.72
500,"The Whale",£35.96
501,"The Story of Art",£41.14
502,"The Origin of Species",£10.01
503,"The Great Gatsby",£36.05
504,"The Good Girl",£49.03
505,"The Glass Castle",£16.24
506,"The Faith of Christopher Hitchens: The Restless Soul of the World's Most Notorious Atheist",£39.55
507,"The Drowning Girls",£35.67
508,"The Constant Princess (The Tudor Court #1)",£16.62
509,"The Bourne Identity (Jason Bourne #1)",£42.78
510,"The Bachelor Girl's Guide to Murder (Herringford and Watts Mysteries #1)",£52.30
511,"The Art Book",£32.34
512,"The 7 Habits of Highly Effective People: Powerful Lessons in Personal Change",£33.17
513,"Team of Rivals: The Political Genius of Abraham Lincoln",£20.12
514,"Steal Like an Artist: 10 Things Nobody Told You About Being Creative",£20.90
515,"Sit, Stay, Love",£20.90
516,"Sister Dear",£40.20
517,"Shrunken Treasures: Literary Classics, Short, Sweet, and Silly",£52.87
518,"Rich Dad, Poor Dad",£51.74
519,"Raymie Nightingale",£34.41
520,"Playing from the Heart",£32.38
521,"Nightstruck: A Novel",£50.35
522,"Naturally Lean: 125 Nourishing Gluten-Free, Plant-Based Recipes--All Under 300 Calories",£11.38
523,Meternity,£43.58
524,"Memoirs of a Geisha",£49.67
525,"Like Never Before (Walker Family #2)",£28.77
526,"Life of Pi",£13.22
527,"Leave This Song Behind: Teen Poetry at Its Best",£51.17
528,"King's Folly (The Kinsman Chronicles #1)",£39.61
529,"John Adams",£57.43
530,"How to Cook Everything Vegetarian: Simple Meatless Recipes for Great Food (How to Cook Everything)",£46.01
531,"How to Be a Domestic Goddess: Baking and the Art of Comfort Cooking",£28.25
532,"Good in Bed (Cannie Shapiro #1)",£37.05
533,"Fruits Basket, Vol. 7 (Fruits Basket #7)",£19.57
534,"For the Love: Fighting for Grace in a World of Impossible Standards",£45.13
535,"Finding God in the Ruins: How God Redeems Pain",£46.64
536,"Every Heart a Doorway (Every Heart A Doorway #1)",£12.16
537,"Delivering the Truth (Quaker Midwife Mystery #1)",£20.89
538,"Counted With the Stars (Out from Egypt #1)",£17.97
539,"Chronicles, Vol. 1",£52.60
540,"Blue Like Jazz: Nonreligious Thoughts on Christian Spirituality",£25.77
541,"Benjamin Franklin: An American Life",£48.19
542,"At The Existentialist Café: Freedom, Being, and apricot cocktails with: Jean-Paul Sartre, Simone de Beauvoir, Albert Camus, Martin Heidegger, Edmund Husserl, Karl Jaspers, Maurice Merleau-Ponty and others",£29.93
543,"A Summer In Europe",£44.34
544,"A Short History of Nearly Everything",£52.40
545,"A Gathering of Shadows (Shades of Magic #2)",£44.81
546,"The Sound Of Love",£57.84
547,"The Rise and Fall of the Third Reich: A History of Nazi Germany",£39.67
548,"The Perks of Being a Wallflower",£55.02
549,"The Mysterious Affair at Styles (Hercule Poirot #1)",£24.80
550,"The Man Who Mistook His Wife for a Hat and Other Clinical Tales",£59.45
551,"The Makings of a Fatherless Child",£31.58
552,"The Joy of Cooking",£43.27
553,"The Invention of Wings",£37.34
554,"The Hobbit (Middle-Earth Universe)",£17.80
555,"The Great Railway Bazaar",£30.54
556,"The Golden Compass (His Dark Materials #1)",£18.77
557,"The God Delusion",£46.85
558,"The Girl You Left Behind (The Girl You Left Behind #1)",£15.79
559,"The Fellowship of the Ring (The Lord of the Rings #1)",£10.27
560,"The Collected Poems of W.B. Yeats (The Collected Works of W.B. Yeats #1)",£15.42
561,"The Barefoot Contessa Cookbook",£59.92
562,"Tell the Wolves I'm Home",£50.96
563,"Ship Leaves Harbor: Essays on Travel by a Recovering Journeyman",£30.60
564,"Pride and Prejudice",£19.27
565,"Musicophilia: Tales of Music and the Brain",£46.58
566,"Mere Christianity",£48.51
567,"Me Before You (Me Before You #1)",£19.02
568,"In the Woods (Dublin Murder Squad #1)",£38.38
569,"In Cold Blood",£49.98
570,"How to Stop Worrying and Start Living",£46.49
571,"Give It Back",£18.32
572,"Girl, Interrupted",£42.14
573,"Fun Home: A Family Tragicomic",£56.59
574,"Fruits Basket, Vol. 6 (Fruits Basket #6)",£20.96
575,"Deception Point",£40.32
576,"Death Note, Vol. 6: Give-and-Take (Death Note #6)",£36.39
577,"Catherine the Great: Portrait of a Woman",£58.55
578,"Better Homes and Gardens New Cook Book",£39.61
579,"An Unquiet Mind: A Memoir of Moods and Madness",£21.30
580,"A Year in Provence (Provence #1)",£56.88
581,"World Without End (The Pillars of the Earth #2)",£32.97
582,"Will Grayson, Will Grayson (Will Grayson, Will Grayson)",£47.31
583,"Why Save the Bankers?: And Other Essays on Our Economic and Political Crisis",£48.67
584,"Where She Went (If I Stay #2)",£41.73
585,"What If?: Serious Scientific Answers to Absurd Hypothetical Questions",£53.68
586,"Two Summers",£14.64
587,"This Is Your Brain on Music: The Science of a Human Obsession",£38.40
588,"The Secret Garden",£15.08
589,"The Raven King (The Raven Cycle #4)",£30.57
590,"The Raven Boys (The Raven Cycle #1)",£57.74
591,"The Power Greens Cookbook: 140 Delicious Superfood Recipes",£11.05
592,"The Metamorphosis",£28.58
593,"The Mathews Men: Seven Brothers and the War Against Hitler's U-boats",£42.91
594,"The Little Paris Bookshop",£24.73
595,"The Hiding Place",£55.91
596,"The Grand Design",£13.76
597,"The Firm",£45.56
598,"The Fault in Our Stars",£47.22
599,"The False Prince (The Ascendance Trilogy #1)",£56.00
600,"The Expatriates",£44.58
601,"The Dream Thieves (The Raven Cycle #2)",£34.50
602,"The Darkest Corners",£11.33
603,"The Crossover",£38.77
604,"The 5th Wave (The 5th Wave #1)",£11.83
605,"Tell the Wind and Fire",£45.51
606,"Tell Me Three Things",£41.81
607,"Talking to Girls About Duran Duran: One Young Man's Quest for True Love and a Cooler Haircut",£25.15
608,Siddhartha,£34.22
609,"Shiver (The Wolves of Mercy Falls #1)",£16.23
610,"Remember Me?",£11.48
611,"Red Dragon (Hannibal Lecter #1)",£23.37
612,"Peak: Secrets from the New Science of Expertise",£16.28
613,"My Mother Was Nuts",£31.63
614,"Mexican Today: New and Rediscovered Recipes for Contemporary Kitchens",£24.91
615,"Maybe Something Beautiful: How Art Transformed a Neighborhood",£22.54
616,"Lola and the Boy Next Door (Anna and the French Kiss #2)",£23.63
617,"Logan Kade (Fallen Crest High #5.5)",£13.12
618,"Last One Home (New Beginnings #1)",£59.98
619,"Killing Floor (Jack Reacher #1)",£31.49
620,"Kill the Boy Band",£15.52
621,"Isla and the Happily Ever After (Anna and the French Kiss #3)",£48.13
622,"If I Stay (If I Stay #1)",£38.13
623,"I Know Why the Caged Bird Sings (Maya Angelou's Autobiography #1)",£36.55
624,"Harry Potter and the Deathly Hallows (Harry Potter #7)",£23.32
625,"Fruits Basket, Vol. 5 (Fruits Basket #5)",£16.33
626,"Foundation (Foundation (Publication Order) #1)",£32.42
627,"Fool Me Once",£16.96
628,"Find Her (Detective D.D. Warren #8)",£22.37
629,"Evicted: Poverty and Profit in the American City",£42.27
630,Drama,£38.70
631,"Dracula the Un-Dead",£35.63
632,"Digital Fortress",£58.00
633,"Death Note, Vol. 5: Whiteout (Death Note #5)",£52.41
634,"Data, A Love Story: How I Gamed Online Dating to Meet My Match",£32.35
635,"Critique of Pure Reason",£20.75
636,Booked,£17.49
637,"Blue Lily, Lily Blue (The Raven Cycle #3)",£34.13
638,"Approval Junkie: Adventures in Caring Too Much",£58.81
639,"An Abundance of Katherines",£10.00
640,"America's War for the Greater Middle East: A Military History",£51.22
641,"Alight (The Generations Trilogy #2)",£58.59
642,"A Girl's Guide to Moving On (New Beginnings #2)",£31.30
643,"A Game of Thrones (A Song of Ice and Fire #1)",£46.42
644,"A Feast for Crows (A Song of Ice and Fire #4)",£17.21
645,"A Clash of Kings (A Song of Ice and Fire #2)",£10.79
646,"Vogue Colors A to Z: A Fashion Coloring Book",£52.35
647,"The Shining (The Shining #1)",£27.88
648,"The Pilgrim's Progress",£50.26
649,"The Perfect Play (Play by Play #1)",£59.99
650,"The Passion of Dolssa",£28.32
651,"The Jazz of Physics: The Secret Link Between Music and the Structure of the Universe",£38.71
652,"The Hunger Games (The Hunger Games #1)",£29.85
653,"The Hound of the Baskervilles (Sherlock Holmes #5)",£14.82
654,"The Gunning of America: Business and the Making of American Gun Culture",£16.81
655,"The Geography of Bliss: One Grump's Search for the Happiest Places in the World",£28.23
656,"The Demonists (Demonist #1)",£52.11
657,"The Demon Prince of Momochi House, Vol. 4 (The Demon Prince of Momochi House #4)",£27.88
658,"The Bone Hunters (Lexy Vaughan & Steven Macaulay #2)",£59.71
659,"The Beast (Black Dagger Brotherhood #14)",£46.08
660,"Some Women",£13.73
661,"Shopaholic Ties the Knot (Shopaholic #3)",£48.39
662,"Paper and Fire (The Great Library #2)",£49.45
663,"Outlander (Outlander #1)",£19.67
664,"Orchestra of Exiles: The Story of Bronislaw Huberman, the Israel Philharmonic, and the One Thousand Jews He Saved from Nazi Horrors",£12.36
665,"No One Here Gets Out Alive",£20.02
666,"Night Shift (Night Shift #1-20)",£12.75
667,"Needful Things",£47.51
668,"Mockingjay (The Hunger Games #3)",£20.44
669,Misery,£34.79
670,"Little Women (Little Women #1)",£28.07
671,It,£25.01
672,"Harry Potter and the Sorcerer's Stone (Harry Potter #1)",£13.90
673,"Harry Potter and the Prisoner of Azkaban (Harry Potter #3)",£24.17
674,"Harry Potter and the Order of the Phoenix (Harry Potter #5)",£31.63
675,"Harry Potter and the Half-Blood Prince (Harry Potter #6)",£48.75
676,"Harry Potter and the Chamber of Secrets (Harry Potter #2)",£14.74
677,"Gone with the Wind",£32.49
678,"God Is Not Great: How Religion Poisons Everything",£27.80
679,"Girl With a Pearl Earring",£26.77
680,"Fruits Basket, Vol. 4 (Fruits Basket #4)",£50.44
681,"Far From True (Promise Falls Trilogy #2)",£34.93
682,"Dark Lover (Black Dagger Brotherhood #1)",£12.87
683,"Confessions of a Shopaholic (Shopaholic #1)",£48.94
684,"Changing the Game (Play by Play #2)",£13.38
685,Candide,£58.63
686,"Can You Keep a Secret?",£21.94
687,"Atlas Shrugged",£26.58
688,"Animal Farm",£57.22
689,"A Walk to Remember",£56.43
690,"A New Earth: Awakening to Your Life's Purpose",£55.65
691,"A History of God: The 4,000-Year Quest of Judaism, Christianity, and Islam",£27.62
692,"'Salem's Lot",£49.56
693,"Zero History (Blue Ant #3)",£34.77
694,"Wuthering Heights",£17.73
695,"World War Z: An Oral History of the Zombie War",£21.80
696,"Wild: From Lost to Found on the Pacific Crest Trail",£46.02
697,"Where'd You Go, Bernadette",£18.13
698,"When You Are Engulfed in Flames",£30.89
699,"We the People: The Modern-Day Figures Who Have Reshaped and Affirmed the Founding Fathers' Vision of America",£31.95
700,"We Are All Completely Beside Ourselves",£24.04
701,"Walk the Edge (Thunder Road #2)",£32.36
702,"Voyager (Outlander #3)",£21.07
703,"Very Good Lives: The Fringe Benefits of Failure and the Importance of Imagination",£50.66
704,"Vegan Vegetarian Omnivore: Dinner for Everyone at the Table",£13.66
705,"Unstuffed: Decluttering Your Home, Mind, and Soul",£58.09
706,"Under the Banner of Heaven: A Story of Violent Faith",£30.00
707,"Two Boys Kissing",£32.74
708,"Twilight (Twilight #1)",£41.93
709,"Twenties Girl",£42.80
710,"Trespassing Across America: One Man's Epic, Never-Done-Before (and Sort of Illegal) Hike Across the Heartland",£53.51
711,"Three-Martini Lunch",£23.21
712,"Thinking, Fast and Slow",£21.14
713,"The Wild Robot",£56.07
714,"The Wicked + The Divine, Vol. 3: Commercial Suicide (The Wicked + The Divine)",£14.41
715,"The Undomestic Goddess",£45.75
716,"The Travelers",£15.77
717,"The Tipping Point: How Little Things Can Make a Big Difference",£10.02
718,"The Thing About Jellyfish",£48.77
719,"The Stand",£57.86
720,"The Smitten Kitchen Cookbook",£23.59
721,"The Silkworm (Cormoran Strike #2)",£23.05
722,"The Sandman, Vol. 3: Dream Country (The Sandman (volumes) #3)",£55.55
723,"The Rose & the Dagger (The Wrath and the Dawn #2)",£58.64
724,"The Road to Little Dribbling: Adventures of an American in Britain (Notes From a Small Island #2)",£23.21
725,"The Rise of Theodore Roosevelt (Theodore Roosevelt #1)",£42.57
726,"The Restaurant at the End of the Universe (Hitchhiker's Guide to the Galaxy #2)",£10.92
727,"The Rest Is Noise: Listening to the Twentieth Century",£34.77
728,"The Red Tent",£35.66
729,"The Purpose Driven Life: What on Earth Am I Here for?",£37.19
730,"The Purest Hook (Second Circle Tattoos #3)",£12.25
731,"The Picture of Dorian Gray",£29.70
732,"The Paris Wife",£36.80
733,"The Obsession",£45.43
734,"The Nightingale",£26.26
735,"The New Guy (and Other Senior Year Distractions)",£44.92
736,"The Nanny Diaries (Nanny #1)",£52.53
737,"The Name of God is Mercy",£37.25
738,"The Maze Runner (The Maze Runner #1)",£20.93
739,"The Lover's Dictionary",£58.09
740,"The Lonely Ones",£43.59
741,"The Lean Startup: How Today's Entrepreneurs Use Continuous Innovation to Create Radically Successful Businesses",£33.92
742,"The Last Painting of Sara de Vos",£55.55
743,"The Land of 10,000 Madonnas",£29.64
744,"The Infinities",£27.41
745,"The Husband's Secret",£52.51
746,"The Hitchhiker's Guide to the Galaxy (Hitchhiker's Guide to the Galaxy #1)",£47.80
747,"The Guns of August",£14.54
748,"The Guernsey Literary and Potato Peel Pie Society",£49.53
749,"The Goldfinch",£43.58
750,"The Giver (The Giver Quartet #1)",£12.30
751,"The Girl with All the Gifts",£49.47
752,"The Girl Who Played with Fire (Millennium Trilogy #2)",£22.14
753,"The Girl Who Kicked the Hornet's Nest (Millennium Trilogy #3)",£57.48
754,"The Exiled",£43.45
755,"The End of Faith: Religion, Terror, and the Future of Reason",£22.13
756,"The Elegant Universe: Superstrings, Hidden Dimensions, and the Quest for the Ultimate Theory",£13.03
757,"The Disappearing Spoon: And Other True Tales of Madness, Love, and the History of the World from the Periodic Table of the Elements",£57.35
758,"The Devil Wears Prada (The Devil Wears Prada #1)",£44.29
759,"The Demon-Haunted World: Science as a Candle in the Dark",£52.25
760,"The Day the Crayons Came Home (Crayons)",£26.33
761,"The Da Vinci Code (Robert Langdon #2)",£22.96
762,"The Cuckoo's Calling (Cormoran Strike #1)",£19.21
763,"The Complete Stories and Poems (The Works of Edgar Allan Poe [Cameo Edition])",£26.78
764,"The Complete Poems",£41.32
765,"The Catcher in the Rye",£24.55
766,"The Cat in the Hat (Beginner Books B-1)",£16.26
767,"The Case for Christ (Cases for Christianity)",£47.84
768,"The Book Thief",£53.49
769,"The Book of Basketball: The NBA According to The Sports Guy",£44.84
770,"The Blind Side: Evolution of a Game",£53.71
771,"The Autobiography of Malcolm X",£23.43
772,"The Art of Simple Food: Notes, Lessons, and Recipes from a Delicious Revolution",£34.32
773,"The Art of Fielding",£22.10
774,"Surely You're Joking, Mr. Feynman!: Adventures of a Curious Character",£25.83
775,"Stiff: The Curious Lives of Human Cadavers",£36.74
776,"Spilled Milk: Based on a True Story",£49.51
777,"Something Borrowed (Darcy & Rachel #1)",£48.96
778,"Something Blue (Darcy & Rachel #2)",£54.62
779,"Soldier (Talon #3)",£24.72
780,"Shopaholic & Baby (Shopaholic #5)",£46.45
781,"Seven Days in the Art World",£52.33
782,"Seven Brief Lessons on Physics",£30.60
783,"Scarlet (The Lunar Chronicles #2)",£14.57
784,"Sarah's Key",£46.29
785,"Saga, Volume 3 (Saga (Collected Editions) #3)",£21.57
786,"Running with Scissors",£12.91
787,"Rogue Lawyer (Rogue Lawyer #1)",£50.11
788,"Rise of the Rocket Girls: The Women Who Propelled Us, from Missiles to the Moon to Mars",£41.67
789,Rework,£44.88
790,"Reservations for Two",£11.10
791,"Red: The True Story of Red Riding Hood",£28.54
792,"Ready Player One",£19.07
793,"Quiet: The Power of Introverts in a World That Can't Stop Talking",£43.55
794,"Prodigy: The Graphic Novel (Legend: The Graphic Novel #2)",£43.63
795,"Persepolis: The Story of a Childhood (Persepolis #1-2)",£39.13
796,"Packing for Mars: The Curious Science of Life in the Void",£56.68
797,"Outliers: The Story of Success",£14.16
798,"Original Fake",£31.45
799,"Orange Is the New Black",£24.61
800,"One for the Money (Stephanie Plum #1)",£32.87
801,"Notes from a Small Island (Notes From a Small Island #1)",£40.17
802,"Night (The Night Trilogy #1)",£13.51
803,"Neither Here nor There: Travels in Europe",£38.95
804,Naked,£31.69
805,"Morning Star (Red Rising #3)",£29.40
806,"Miracles from Heaven: A Little Girl, Her Journey to Heaven, and Her Amazing Story of Healing",£57.83
807,"Midnight Riot (Peter Grant/ Rivers of London - books #1)",£55.46
808,"Me Talk Pretty One Day",£57.60
809,"Manuscript Found in Accra",£34.98
810,"Lust & Wonder",£11.87
811,"Lila (Gilead #3)",£12.47
812,"Life, the Universe and Everything (Hitchhiker's Guide to the Galaxy #3)",£33.26
813,"Life Without a Recipe",£59.04
814,"Life After Life",£26.13
815,"Letter to a Christian Nation",£22.20
816,"Let's Pretend This Never Happened: A Mostly True Memoir",£45.11
817,"Legend (Legend #1)",£43.69
818,"Lean In: Women, Work, and the Will to Lead",£25.02
819,"Lamb: The Gospel According to Biff, Christ's Childhood Pal",£55.50
820,"Lady Renegades (Rebel Belle #3)",£53.04
821,"Jurassic Park (Jurassic Park #1)",£44.97
822,"It's Never Too Late to Begin Again: Discovering Creativity and Meaning at Midlife and Beyond",£42.38
823,"Is Everyone Hanging Out Without Me? (And Other Concerns)",£20.11
824,"Into the Wild",£56.70
825,"Inferno (Robert Langdon #4)",£41.00
826,"In the Garden of Beasts: Love, Terror, and an American Family in Hitler's Berlin",£28.85
827,"If I Run (If I Run #1)",£49.97
828,"I've Got Your Number",£19.69
829,"I Am Malala: The Girl Who Stood Up for Education and Was Shot by the Taliban",£28.88
830,"Hungry Girl Clean & Hungry: Easy All-Natural Recipes for Healthy Eating in the Real World",£33.14
831,"House of Lost Worlds: Dinosaurs, Dynasties, and the Story of Life on Earth",£43.70
832,"House of Leaves",£54.89
833,"Horrible Bear!",£37.52
834,"Holidays on Ice",£51.07
835,"Heir to the Sky",£44.07
836,"Green Eggs and Ham (Beginner Books B-16)",£10.79
837,"Grayson, Vol 3: Nemesis (Grayson #3)",£42.72
838,Gratitude,£26.66
839,"Gone Girl",£37.60
840,"Golden (Heart of Dread #3)",£42.21
841,"Girl in the Blue Coat",£46.83
842,"Fruits Basket, Vol. 3 (Fruits Basket #3)",£45.17
843,"Friday Night Lights: A Town, a Team, and a Dream",£51.22
844,"Fire Bound (Sea Haven/Sisters of the Heart #5)",£21.28
845,"Fifty Shades Freed (Fifty Shades #3)",£15.36
846,Fellside,£38.62
847,"Extreme Prey (Lucas Davenport #26)",£25.40
848,"Eragon (The Inheritance Cycle #1)",£43.87
849,"Eclipse (Twilight #3)",£18.74
850,"Dune (Dune #1)",£54.86
851,Dracula,£52.62
852,"Do Androids Dream of Electric Sheep? (Blade Runner #1)",£51.48
853,"Disrupted: My Misadventure in the Start-Up Bubble",£15.28
854,"Dead Wake: The Last Crossing of the Lusitania",£39.24
855,"David and Goliath: Underdogs, Misfits, and the Art of Battling Giants",£17.81
856,"Darkfever (Fever #1)",£56.02
857,"Dark Places",£23.90
858,"Crazy Rich Asians (Crazy Rich Asians #1)",£49.13
859,"Counting Thyme",£10.62
860,Cosmos,£36.17
861,"Civilization and Its Discontents",£59.95
862,"Cinder (The Lunar Chronicles #1)",£26.09
863,"Catastrophic Happiness: Finding Joy in Childhood's Messy Years",£37.35
864,"Career of Evil (Cormoran Strike #3)",£24.72
865,"Breaking Dawn (Twilight #4)",£35.28
866,"Brave Enough",£51.32
867,"Boy Meets Boy",£21.12
868,"Born to Run: A Hidden Tribe, Superathletes, and the Greatest Race the World Has Never Seen",£27.35
869,"Blink: The Power of Thinking Without Thinking",£21.74
870,"Black Flags: The Rise of ISIS",£40.87
871,"Black Butler, Vol. 1 (Black Butler #1)",£49.31
872,"Big Little Lies",£22.11
873,"Between Shades of Gray",£20.79
874,"Best of My Love (Fool's Gold #20)",£27.41
875,Beowulf,£38.35
876,"Beautiful Creatures (Caster Chronicles #1)",£21.55
877,Awkward,£38.02
878,Ash,£22.06
879,"Are We There Yet?",£10.66
880,"Are We Smart Enough to Know How Smart Animals Are?",£56.58
881,"Annie on My Mind",£36.83
882,"And Then There Were None",£35.01
883,"A Walk in the Woods: Rediscovering America on the Appalachian Trail",£30.48
884,"A Visit from the Goon Squad",£14.08
885,"A Storm of Swords (A Song of Ice and Fire #3)",£31.22
886,"A Heartbreaking Work of Staggering Genius",£54.29
887,"8 Keys to Mental Health Through Exercise",£31.04
888,#GIRLBOSS,£50.96
889,"The Suffragettes (Little Black Classics, #96)",£11.89
890,"The Sense of an Ending",£31.38
891,"The Sandman, Vol. 2: The Doll's House (The Sandman (volumes) #2)",£54.81
892,"The Course of Love",£16.78
893,"Sugar Rush (Offensive Line #2)",£24.42
894,"Saga, Volume 2 (Saga (Collected Editions) #2)",£11.75
895,"Run, Spot, Run: The Ethics of Keeping Pets",£20.02
896,"New Moon (Twilight #2)",£12.86
897,Life,£31.58
898,"Kindle Paperwhite User's Guide",£34.00
899,"H is for Hawk",£57.42
900,"Girl Online On Tour (Girl Online #2)",£53.47
901,"Fruits Basket, Vol. 2 (Fruits Basket #2)",£11.64
902,"Diary of a Minecraft Zombie Book 1: A Scare of a Dare (An Unofficial Minecraft Book)",£52.88
903,"Y: The Last Man, Vol. 1: Unmanned (Y: The Last Man #1)",£18.51
904,"While You Were Mine",£41.32
905,"Where Lightning Strikes (Bleeding Stars #3)",£39.77
906,"When I'm Gone",£51.96
907,"Ways of Seeing",£39.51
908,"Vampire Knight, Vol. 1 (Vampire Knight #1)",£15.40
909,"Vampire Girl (Vampire Girl #1)",£53.82
910,"Twenty Love Poems and a Song of Despair",£30.95
911,"Travels with Charley: In Search of America",£57.82
912,"Three Wishes (River of Time: California #1)",£44.18
913,"This One Moment (Pushing Limits #1)",£48.71
914,"The Zombie Room",£19.69
915,"The Wicked + The Divine, Vol. 1: The Faust Act (The Wicked + The Divine)",£36.52
916,"The Tumor",£41.56
917,"The Story of Hong Gildong",£43.19
918,"The Silent Wife",£12.34
919,"The Silent Twin (Detective Jennifer Knight #3)",£36.25
920,"The Selfish Gene",£29.45
921,"The Secret Healer",£34.56
922,"The Sandman, Vol. 1: Preludes and Nocturnes (The Sandman (volumes) #1)",£54.12
923,"The Republic",£33.78
924,"The Odyssey",£29.64
925,"The No. 1 Ladies' Detective Agency (No. 1 Ladies' Detective Agency #1)",£57.70
926,"The Nicomachean Ethics",£36.34
927,"The Name of the Wind (The Kingkiller Chronicle #1)",£50.59
928,"The Mirror & the Maze (The Wrath and the Dawn #1.5)",£29.38
929,"The Little Prince",£45.42
930,"The Light of the Fireflies",£54.43
931,"The Last Girl (The Dominion Trilogy #1)",£36.26
932,"The Iliad",£16.16
933,"The Hook Up (Game On #1)",£36.29
934,"The Haters",£27.89
935,"The Girl You Lost",£12.29
936,"The Girl In The Ice (DCI Erika Foster #1)",£15.85
937,"The End of the Jesus Era (An Investigation #1)",£14.40
938,"The Edge of Reason (Bridget Jones #2)",£19.18
939,"The Complete Maus (Maus #1-2)",£10.64
940,"The Communist Manifesto",£14.76
941,"The Bhagavad Gita",£57.49
942,"The Bette Davis Club",£30.66
943,"The Art of Not Breathing",£40.83
944,"Taking Shots (Assassins #1)",£18.88
945,Starlark,£25.83
946,"Skip Beat!, Vol. 01 (Skip Beat! #1)",£42.12
947,"Sister Sable (The Mad Queen #1)",£13.33
948,"Shatter Me (Shatter Me #1)",£42.40
949,Shameless,£58.35
950,"Shadow Rites (Jane Yellowrock #10)",£21.72
951,"Settling the Score (The Summer Games #1)",£44.91
952,"Sense and Sensibility",£37.46
953,"Saga, Volume 1 (Saga (Collected Editions) #1)",£28.48
954,"Rhythm, Chord & Malykhin",£28.34
955,"Rat Queens, Vol. 1: Sass & Sorcery (Rat Queens (Collected Editions) #1-5)",£46.96
956,"Paradise Lost (Paradise #1)",£24.96
957,"Paper Girls, Vol. 1 (Paper Girls #1-5)",£21.71
958,"Ouran High School Host Club, Vol. 1 (Ouran High School Host Club #1)",£29.87
959,"Origins (Alphas 0.5)",£28.99
960,"One Second (Seven #7)",£52.94
961,"On the Road (Duluoz Legend)",£32.36
962,"Old Records Never Die: One Man's Quest for His Vinyl and His Past",£55.66
963,"Off Sides (Off #1)",£39.45
964,"Of Mice and Men",£47.11
965,"Myriad (Prentor #1)",£58.75
966,"My Perfect Mistake (Over the Top #1)",£38.92
967,"Ms. Marvel, Vol. 1: No Normal (Ms. Marvel (2014-2015) #1)",£39.39
968,Meditations,£25.89
969,Matilda,£28.34
970,"Lost Among the Living",£27.70
971,"Lord of the Flies",£24.89
972,"Listen to Me (Fusion #1)",£58.99
973,"Kitchens of the Great Midwest",£57.20
974,"Jane Eyre",£38.43
975,"Imperfect Harmony",£34.74
976,"Icing (Aces Hockey #2)",£40.44
977,"Hawkeye, Vol. 1: My Life as a Weapon (Hawkeye #1)",£45.24
978,"Having the Barbarian's Baby (Ice Planet Barbarians #7.5)",£34.96
979,"Giant Days, Vol. 1 (Giant Days #1-4)",£56.76
980,"Fruits Basket, Vol. 1 (Fruits Basket #1)",£40.28
981,Frankenstein,£38.00
982,"Forever Rockers (The Rocker #12)",£28.80
983,"Fighting Fate (Fighting #6)",£39.24
984,Emma,£32.93
985,"Eat, Pray, Love",£51.32
986,"Deep Under (Walker Security #1)",£47.09
987,"Choosing Our Religion: The Spiritual Lives of America's Nones",£28.42
988,"Charlie and the Chocolate Factory (Charlie Bucket #1)",£22.85
989,"Charity's Cross (Charles Towne Belles #4)",£41.24
990,"Bright Lines",£39.07
991,"Bridget Jones's Diary (Bridget Jones #1)",£29.82
992,"Bounty (Colorado Mountain #7)",£37.26
993,"Blood Defense (Samantha Brinkman #1)",£20.30
994,"Bleach, Vol. 1: Strawberry and the Soul Reapers (Bleach #1)",£34.65
995,"Beyond Good and Evil",£43.38
996,"Alice in Wonderland (Alice's Adventures in Wonderland #1)",£55.53
997,"Ajin: Demi-Human, Volume 1 (Ajin: Demi-Human #1)",£57.06
998,"A Spy's Devotion (The Regency Spies of London #1)",£16.97
999,"1st to Die (Women's Murder Club #1)",£53.98
1000,"1,000 Places to See Before You Die",£26.08
